-- phpMyAdmin SQL Dump
-- version 5.2.1
-- https://www.phpmyadmin.net/
--
-- Máy chủ: localhost:3306
-- Thời gian đã tạo: Th10 19, 2023 lúc 07:44 AM
-- Phiên bản máy phục vụ: 8.0.30
-- Phiên bản PHP: 8.1.10

SET SQL_MODE = "NO_AUTO_VALUE_ON_ZERO";
START TRANSACTION;
SET time_zone = "+00:00";


/*!40101 SET @OLD_CHARACTER_SET_CLIENT=@@CHARACTER_SET_CLIENT */;
/*!40101 SET @OLD_CHARACTER_SET_RESULTS=@@CHARACTER_SET_RESULTS */;
/*!40101 SET @OLD_COLLATION_CONNECTION=@@COLLATION_CONNECTION */;
/*!40101 SET NAMES utf8mb4 */;

--
-- Cơ sở dữ liệu: `quanlyshopgiay`
--

-- --------------------------------------------------------

--
-- Cấu trúc bảng cho bảng `binhluan`
--

CREATE TABLE `binhluan` (
  `mabl` int NOT NULL,
  `matk` int NOT NULL,
  `masp` int NOT NULL,
  `noidung` varchar(225) CHARACTER SET utf8mb4 COLLATE utf8mb4_general_ci NOT NULL,
  `ngaybl` date NOT NULL
) ENGINE=InnoDB DEFAULT CHARSET=utf8mb4 COLLATE=utf8mb4_general_ci;

-- --------------------------------------------------------

--
-- Cấu trúc bảng cho bảng `donhang`
--

CREATE TABLE `donhang` (
  `madh` int NOT NULL,
  `masp` int NOT NULL,
  `matk` int NOT NULL
) ENGINE=InnoDB DEFAULT CHARSET=utf8mb4 COLLATE=utf8mb4_general_ci;

-- --------------------------------------------------------

--
-- Cấu trúc bảng cho bảng `loai`
--

CREATE TABLE `loai` (
  `maloai` int NOT NULL,
  `tenloai` varchar(100) CHARACTER SET utf8mb4 COLLATE utf8mb4_general_ci NOT NULL
) ENGINE=InnoDB DEFAULT CHARSET=utf8mb4 COLLATE=utf8mb4_general_ci;

--
-- Đang đổ dữ liệu cho bảng `loai`
--

INSERT INTO `loai` (`maloai`, `tenloai`) VALUES
(113, 'Nike'),
(114, 'convers'),
(115, 'classic'),
(116, 'mlb');

-- --------------------------------------------------------

--
-- Cấu trúc bảng cho bảng `product`
--

CREATE TABLE `product` (
  `masp` int NOT NULL,
  `maloai` int NOT NULL,
  `name` varchar(100) NOT NULL,
  `price` int NOT NULL,
  `img` varchar(100) NOT NULL,
  `size` int NOT NULL,
  `mota` text NOT NULL,
  `ghimtrangchu` bit(1) NOT NULL DEFAULT b'0' COMMENT '1:Ghim , 0: ko ghim',
  `luotxem` int NOT NULL DEFAULT '0',
  `soluong` int NOT NULL DEFAULT '0'
) ENGINE=InnoDB DEFAULT CHARSET=utf8mb4 COLLATE=utf8mb4_0900_ai_ci;

--
-- Đang đổ dữ liệu cho bảng `product`
--

INSERT INTO `product` (`masp`, `maloai`, `name`, `price`, `img`, `size`, `mota`, `ghimtrangchu`, `luotxem`, `soluong`) VALUES
(1, 115, 'classic river', 1000000, 'classic1.jpg', 37, 'Giày classic là một thuật ngữ chung để chỉ các kiểu giày mang tính biểu tượng, thường được coi là thời trang cổ điển và không bao giờ lỗi thời. Những đặc điểm chung của giày classic bao gồm:\r\n\r\n1. Thiết kế đơn giản và thanh lịch: Giày classic thường có thiết kế đơn giản, không quá phức tạp, nhưng vẫn mang đến sự thanh lịch và tinh tế. Chúng thường có các đường chỉ may chắc chắn và đường viền tinh tế, tạo nên sự trang nhã và sang trọng.\r\n\r\n2. Màu sắc trung tính: Giày classic thường có các màu sắc trung tính như đen, nâu, trắng hoặc xám. Những màu sắc này dễ dàng phối hợp với nhiều trang phục khác nhau và phù hợp với nhiều dịp.\r\n\r\n3. Chất liệu chất lượng cao: Giày classic thường được làm từ các chất liệu chất lượng cao như da thật, nubuck, suede hoặc vải canvas. Chất liệu chọn lọc này giúp giày classic có độ bền cao và mang lại cảm giác thoải mái cho người mang.\r\n\r\nGiày classic là một lựa chọn tuyệt vời cho những người muốn có một đôi giày đẹp, trường tồn và phù hợp với nhiều trang phục. Bạn có thể tìm thấy giày classic ở các cửa hàng giày, cửa hàng thời trang hoặc trang web mua sắm trực tuyến.', b'1', 0, 0),
(2, 113, 'Nike Air 1', 1000000, 'nike1.jpg', 37, 'Nike là một thương hiệu nổi tiếng trong ngành công nghiệp giày dép thể thao. Họ sản xuất một loạt các kiểu giày phù hợp cho nhiều mục đích sử dụng, từ chạy bộ đến bóng rổ, đá bóng và nhiều hoạt động thể thao khác.\r\n\r\nCác giày Nike được thiết kế với sự chú trọng đến cảm giác thoải mái, hiệu suất và phong cách. Dưới đây là mô tả về một số dòng giày Nike phổ biến:\r\n\r\nNgoài ra, Nike cũng có nhiều dòng giày khác như Nike Roshe, Nike Cortez, Nike SB và nhiều dòng sản phẩm khác phục vụ nhu cầu và sở thích của người sử dụng.\r\n\r\nLưu ý rằng mô tả trên chỉ là một tổng quan và có thể khái quát. Để có thông tin chi tiết hơn về từng dòng giày Nike cụ thể, bạn có thể tìm hiểu trên trang web chính thức của Nike hoặc tại các cửa hàng thể thao uy tín.', b'1', 0, 0),
(3, 115, 'classic river', 1000000, 'classic1.jpg', 37, 'Giày classic là một thuật ngữ chung để chỉ các kiểu giày mang tính biểu tượng, thường được coi là thời trang cổ điển và không bao giờ lỗi thời. Những đặc điểm chung của giày classic bao gồm:\r\n\r\n1. Thiết kế đơn giản và thanh lịch: Giày classic thường có thiết kế đơn giản, không quá phức tạp, nhưng vẫn mang đến sự thanh lịch và tinh tế. Chúng thường có các đường chỉ may chắc chắn và đường viền tinh tế, tạo nên sự trang nhã và sang trọng.\r\n\r\n2. Màu sắc trung tính: Giày classic thường có các màu sắc trung tính như đen, nâu, trắng hoặc xám. Những màu sắc này dễ dàng phối hợp với nhiều trang phục khác nhau và phù hợp với nhiều dịp.\r\n\r\n3. Chất liệu chất lượng cao: Giày classic thường được làm từ các chất liệu chất lượng cao như da thật, nubuck, suede hoặc vải canvas. Chất liệu chọn lọc này giúp giày classic có độ bền cao và mang lại cảm giác thoải mái cho người mang.\r\n\r\nGiày classic là một lựa chọn tuyệt vời cho những người muốn có một đôi giày đẹp, trường tồn và phù hợp với nhiều trang phục. Bạn có thể tìm thấy giày classic ở các cửa hàng giày, cửa hàng thời trang hoặc trang web mua sắm trực tuyến.', b'0', 0, 0),
(4, 113, 'Nike Air 1', 1000000, 'nike1.jpg', 37, 'Nike là một thương hiệu nổi tiếng trong ngành công nghiệp giày dép thể thao. Họ sản xuất một loạt các kiểu giày phù hợp cho nhiều mục đích sử dụng, từ chạy bộ đến bóng rổ, đá bóng và nhiều hoạt động thể thao khác.\r\n\r\nCác giày Nike được thiết kế với sự chú trọng đến cảm giác thoải mái, hiệu suất và phong cách. Dưới đây là mô tả về một số dòng giày Nike phổ biến:\r\n\r\nNgoài ra, Nike cũng có nhiều dòng giày khác như Nike Roshe, Nike Cortez, Nike SB và nhiều dòng sản phẩm khác phục vụ nhu cầu và sở thích của người sử dụng.\r\n\r\nLưu ý rằng mô tả trên chỉ là một tổng quan và có thể khái quát. Để có thông tin chi tiết hơn về từng dòng giày Nike cụ thể, bạn có thể tìm hiểu trên trang web chính thức của Nike hoặc tại các cửa hàng thể thao uy tín.', b'0', 0, 0),
(5, 114, 'Convers 1970s', 1000000, 'convers1.jpg', 37, 'Giày Convers (hay còn được gọi là Converse Chuck Taylor All Star) là một dòng giày thể thao kinh điển và phổ biến của thương hiệu Converse. Được ra mắt vào những năm 1910, giày Convers đã trở thành biểu tượng của văn hóa thời trang và phong cách đường phố.\r\n\r\nDưới đây là mô tả về giày Convers:\r\n\r\n1. Thiết kế: Giày Convers có thiết kế đơn giản và ấn tượng với đế cao su màu trắng, một đặc điểm nổi bật của dòng sản phẩm này. Chúng có phần trên bằng vải hoặc da, với đường chỉ may chắc chắn và đường viền đặc trưng ở phía trên.\r\n\r\n2. Phong cách: Giày Convers mang đến một phong cách thời trang đơn giản, nhưng vẫn rất nổi bật và dễ phối đồ. Chúng thường được nhìn thấy trong các bộ trang phục casual và streetwear, và phù hợp cho cả nam và nữ.\r\n\r\nGiày Convers đã trở thành một biểu tượng thời trang và thể hiện phong cách cá nhân của người sử dụng. Chúng phù hợp với nhiều hoàn cảnh khác nhau, từ đi dạo phố đến tham gia các hoạt động thể thao nhẹ.\r\n\r\nNếu bạn quan tâm đến việc mua giày Convers, bạn có thể tìm thấy chúng ở nhiều cửa hàng giày và trang web bán hàng trực tuyến uy tín.', b'0', 0, 0),
(6, 115, 'Shoe clasic', 1000000, 'classic2.jpg', 37, 'Giày classic là một thuật ngữ chung để chỉ các kiểu giày mang tính biểu tượng, thường được coi là thời trang cổ điển và không bao giờ lỗi thời. Những đặc điểm chung của giày classic bao gồm:\r\n\r\n1. Thiết kế đơn giản và thanh lịch: Giày classic thường có thiết kế đơn giản, không quá phức tạp, nhưng vẫn mang đến sự thanh lịch và tinh tế. Chúng thường có các đường chỉ may chắc chắn và đường viền tinh tế, tạo nên sự trang nhã và sang trọng.\r\n\r\n2. Màu sắc trung tính: Giày classic thường có các màu sắc trung tính như đen, nâu, trắng hoặc xám. Những màu sắc này dễ dàng phối hợp với nhiều trang phục khác nhau và phù hợp với nhiều dịp.\r\n\r\n3. Chất liệu chất lượng cao: Giày classic thường được làm từ các chất liệu chất lượng cao như da thật, nubuck, suede hoặc vải canvas. Chất liệu chọn lọc này giúp giày classic có độ bền cao và mang lại cảm giác thoải mái cho người mang.\r\n\r\nGiày classic là một lựa chọn tuyệt vời cho những người muốn có một đôi giày đẹp, trường tồn và phù hợp với nhiều trang phục. Bạn có thể tìm thấy giày classic ở các cửa hàng giày, cửa hàng thời trang hoặc trang web mua sắm trực tuyến.', b'0', 0, 0),
(7, 116, 'MLB CiTy', 1000000, 'mlb1.jpg', 37, 'Giày MLB là loại giày đặc biệt được thiết kế cho các vận động viên chơi bóng chày trong Major League Baseball (MLB). Các giày MLB thường được sản xuất bởi các hãng giày thể thao nổi tiếng như Nike, New Balance, Under Armour và Adidas.\r\n\r\nMột số đặc điểm chung của giày MLB bao gồm:\r\n\r\n1. Thiết kế chuyên dụng: Giày MLB được thiết kế đặc biệt để đáp ứng các yêu cầu và nhu cầu của cầu thủ bóng chày. Chúng có đế giày chắc chắn để tăng cường sự ổn định và hỗ trợ trong việc chạy, đá và bắt bóng.\r\n\r\n2. Chất liệu chất lượng cao: Giày MLB thường được làm từ các chất liệu chất lượng cao, bền và thoáng khí để đảm bảo sự thoải mái và độ bền trong suốt quá trình sử dụng. Chất liệu thường gặp là da, vải và các vật liệu tổng hợp.\r\n\r\nGiày MLB có sẵn trong nhiều loại và mẫu mã khác nhau, từ giày đế cao đến giày đế thấp, từ giày chạy nhanh đến giày bắt bóng. Điều quan trọng là chọn đúng kích thước và kiểu giày phù hợp với nhu cầu và phong cách chơi của bạn.\r\n\r\nNếu bạn quan tâm đến việc mua giày MLB, tôi khuyến nghị bạn nên tìm hiểu thêm về từng dòng sản phẩm cụ thể từ các hãng giày thể thao uy tín hoặc tại các cửa hàng chuyên dụng.', b'1', 0, 0),
(8, 113, 'Nike Jordan', 1000000, 'nike2.jpg', 37, 'Nike là một thương hiệu nổi tiếng trong ngành công nghiệp giày dép thể thao. Họ sản xuất một loạt các kiểu giày phù hợp cho nhiều mục đích sử dụng, từ chạy bộ đến bóng rổ, đá bóng và nhiều hoạt động thể thao khác.\r\n\r\nCác giày Nike được thiết kế với sự chú trọng đến cảm giác thoải mái, hiệu suất và phong cách. Dưới đây là mô tả về một số dòng giày Nike phổ biến:\r\n\r\n\r\n\r\nNgoài ra, Nike cũng có nhiều dòng giày khác như Nike Roshe, Nike Cortez, Nike SB và nhiều dòng sản phẩm khác phục vụ nhu cầu và sở thích của người sử dụng.\r\n\r\nLưu ý rằng mô tả trên chỉ là một tổng quan và có thể khái quát. Để có thông tin chi tiết hơn về từng dòng giày Nike cụ thể, bạn có thể tìm hiểu trên trang web chính thức của Nike hoặc tại các cửa hàng thể thao uy tín.', b'0', 0, 0),
(9, 115, 'convers classic', 1000000, 'classic3.jpg', 37, 'Giày classic là một thuật ngữ chung để chỉ các kiểu giày mang tính biểu tượng, thường được coi là thời trang cổ điển và không bao giờ lỗi thời. Những đặc điểm chung của giày classic bao gồm:\r\n\r\n1. Thiết kế đơn giản và thanh lịch: Giày classic thường có thiết kế đơn giản, không quá phức tạp, nhưng vẫn mang đến sự thanh lịch và tinh tế. Chúng thường có các đường chỉ may chắc chắn và đường viền tinh tế, tạo nên sự trang nhã và sang trọng.\r\n\r\n2. Màu sắc trung tính: Giày classic thường có các màu sắc trung tính như đen, nâu, trắng hoặc xám. Những màu sắc này dễ dàng phối hợp với nhiều trang phục khác nhau và phù hợp với nhiều dịp.\r\n\r\n3. Chất liệu chất lượng cao: Giày classic thường được làm từ các chất liệu chất lượng cao như da thật, nubuck, suede hoặc vải canvas. Chất liệu chọn lọc này giúp giày classic có độ bền cao và mang lại cảm giác thoải mái cho người mang.\r\n\r\nGiày classic là một lựa chọn tuyệt vời cho những người muốn có một đôi giày đẹp, trường tồn và phù hợp với nhiều trang phục. Bạn có thể tìm thấy giày classic ở các cửa hàng giày, cửa hàng thời trang hoặc trang web mua sắm trực tuyến.', b'0', 0, 0),
(10, 116, 'MLB Lousvuiton', 1000000, 'mlb2.jpg', 37, 'Giày MLB là loại giày đặc biệt được thiết kế cho các vận động viên chơi bóng chày trong Major League Baseball (MLB). Các giày MLB thường được sản xuất bởi các hãng giày thể thao nổi tiếng như Nike, New Balance, Under Armour và Adidas.\r\n\r\nMột số đặc điểm chung của giày MLB bao gồm:\r\n\r\n1. Thiết kế chuyên dụng: Giày MLB được thiết kế đặc biệt để đáp ứng các yêu cầu và nhu cầu của cầu thủ bóng chày. Chúng có đế giày chắc chắn để tăng cường sự ổn định và hỗ trợ trong việc chạy, đá và bắt bóng.\r\n\r\n2. Chất liệu chất lượng cao: Giày MLB thường được làm từ các chất liệu chất lượng cao, bền và thoáng khí để đảm bảo sự thoải mái và độ bền trong suốt quá trình sử dụng. Chất liệu thường gặp là da, vải và các vật liệu tổng hợp.\r\n\r\nGiày MLB có sẵn trong nhiều loại và mẫu mã khác nhau, từ giày đế cao đến giày đế thấp, từ giày chạy nhanh đến giày bắt bóng. Điều quan trọng là chọn đúng kích thước và kiểu giày phù hợp với nhu cầu và phong cách chơi của bạn.\r\n\r\nNếu bạn quan tâm đến việc mua giày MLB, tôi khuyến nghị bạn nên tìm hiểu thêm về từng dòng sản phẩm cụ thể từ các hãng giày thể thao uy tín hoặc tại các cửa hàng chuyên dụng.', b'0', 0, 0),
(11, 113, 'Nike Jordan3', 1000000, 'nike3.jpg', 37, 'Nike là một thương hiệu nổi tiếng trong ngành công nghiệp giày dép thể thao. Họ sản xuất một loạt các kiểu giày phù hợp cho nhiều mục đích sử dụng, từ chạy bộ đến bóng rổ, đá bóng và nhiều hoạt động thể thao khác.\r\n\r\nCác giày Nike được thiết kế với sự chú trọng đến cảm giác thoải mái, hiệu suất và phong cách. Dưới đây là mô tả về một số dòng giày Nike phổ biến:\r\n\r\n\r\n\r\nNgoài ra, Nike cũng có nhiều dòng giày khác như Nike Roshe, Nike Cortez, Nike SB và nhiều dòng sản phẩm khác phục vụ nhu cầu và sở thích của người sử dụng.\r\n\r\nLưu ý rằng mô tả trên chỉ là một tổng quan và có thể khái quát. Để có thông tin chi tiết hơn về từng dòng giày Nike cụ thể, bạn có thể tìm hiểu trên trang web chính thức của Nike hoặc tại các cửa hàng thể thao uy tín.', b'0', 0, 0),
(12, 114, 'Convers criter', 1000000, 'convers2.jpg', 37, 'Giày Convers (hay còn được gọi là Converse Chuck Taylor All Star) là một dòng giày thể thao kinh điển và phổ biến của thương hiệu Converse. Được ra mắt vào những năm 1910, giày Convers đã trở thành biểu tượng của văn hóa thời trang và phong cách đường phố.\r\n\r\nDưới đây là mô tả về giày Convers:\r\n\r\n1. Thiết kế: Giày Convers có thiết kế đơn giản và ấn tượng với đế cao su màu trắng, một đặc điểm nổi bật của dòng sản phẩm này. Chúng có phần trên bằng vải hoặc da, với đường chỉ may chắc chắn và đường viền đặc trưng ở phía trên.\r\n\r\n2. Phong cách: Giày Convers mang đến một phong cách thời trang đơn giản, nhưng vẫn rất nổi bật và dễ phối đồ. Chúng thường được nhìn thấy trong các bộ trang phục casual và streetwear, và phù hợp cho cả nam và nữ.\r\n\r\nGiày Convers đã trở thành một biểu tượng thời trang và thể hiện phong cách cá nhân của người sử dụng. Chúng phù hợp với nhiều hoàn cảnh khác nhau, từ đi dạo phố đến tham gia các hoạt động thể thao nhẹ.\r\n\r\nNếu bạn quan tâm đến việc mua giày Convers, bạn có thể tìm thấy chúng ở nhiều cửa hàng giày và trang web bán hàng trực tuyến uy tín.', b'0', 0, 0),
(13, 114, 'Lucifer convers', 1000000, 'convers3.jpg', 37, 'Giày Convers (hay còn được gọi là Converse Chuck Taylor All Star) là một dòng giày thể thao kinh điển và phổ biến của thương hiệu Converse. Được ra mắt vào những năm 1910, giày Convers đã trở thành biểu tượng của văn hóa thời trang và phong cách đường phố.\r\n\r\nDưới đây là mô tả về giày Convers:\r\n\r\n1. Thiết kế: Giày Convers có thiết kế đơn giản và ấn tượng với đế cao su màu trắng, một đặc điểm nổi bật của dòng sản phẩm này. Chúng có phần trên bằng vải hoặc da, với đường chỉ may chắc chắn và đường viền đặc trưng ở phía trên.\r\n\r\n2. Phong cách: Giày Convers mang đến một phong cách thời trang đơn giản, nhưng vẫn rất nổi bật và dễ phối đồ. Chúng thường được nhìn thấy trong các bộ trang phục casual và streetwear, và phù hợp cho cả nam và nữ.\r\n\r\nGiày Convers đã trở thành một biểu tượng thời trang và thể hiện phong cách cá nhân của người sử dụng. Chúng phù hợp với nhiều hoàn cảnh khác nhau, từ đi dạo phố đến tham gia các hoạt động thể thao nhẹ.\r\n\r\nNếu bạn quan tâm đến việc mua giày Convers, bạn có thể tìm thấy chúng ở nhiều cửa hàng giày và trang web bán hàng trực tuyến uy tín.', b'0', 0, 0),
(14, 114, 'Convers 1999s', 1000000, 'convers4.jpg', 37, 'Giày Convers (hay còn được gọi là Converse Chuck Taylor All Star) là một dòng giày thể thao kinh điển và phổ biến của thương hiệu Converse. Được ra mắt vào những năm 1910, giày Convers đã trở thành biểu tượng của văn hóa thời trang và phong cách đường phố.\r\n\r\nDưới đây là mô tả về giày Convers:\r\n\r\n1. Thiết kế: Giày Convers có thiết kế đơn giản và ấn tượng với đế cao su màu trắng, một đặc điểm nổi bật của dòng sản phẩm này. Chúng có phần trên bằng vải hoặc da, với đường chỉ may chắc chắn và đường viền đặc trưng ở phía trên.\r\n\r\n2. Phong cách: Giày Convers mang đến một phong cách thời trang đơn giản, nhưng vẫn rất nổi bật và dễ phối đồ. Chúng thường được nhìn thấy trong các bộ trang phục casual và streetwear, và phù hợp cho cả nam và nữ.\r\n\r\nGiày Convers đã trở thành một biểu tượng thời trang và thể hiện phong cách cá nhân của người sử dụng. Chúng phù hợp với nhiều hoàn cảnh khác nhau, từ đi dạo phố đến tham gia các hoạt động thể thao nhẹ.\r\n\r\nNếu bạn quan tâm đến việc mua giày Convers, bạn có thể tìm thấy chúng ở nhiều cửa hàng giày và trang web bán hàng trực tuyến uy tín.', b'0', 0, 0),
(15, 116, 'MLB Cockier', 1000000, 'mlb3.jpg', 37, 'Giày MLB là loại giày đặc biệt được thiết kế cho các vận động viên chơi bóng chày trong Major League Baseball (MLB). Các giày MLB thường được sản xuất bởi các hãng giày thể thao nổi tiếng như Nike, New Balance, Under Armour và Adidas.\r\n\r\nMột số đặc điểm chung của giày MLB bao gồm:\r\n\r\n1. Thiết kế chuyên dụng: Giày MLB được thiết kế đặc biệt để đáp ứng các yêu cầu và nhu cầu của cầu thủ bóng chày. Chúng có đế giày chắc chắn để tăng cường sự ổn định và hỗ trợ trong việc chạy, đá và bắt bóng.\r\n\r\n2. Chất liệu chất lượng cao: Giày MLB thường được làm từ các chất liệu chất lượng cao, bền và thoáng khí để đảm bảo sự thoải mái và độ bền trong suốt quá trình sử dụng. Chất liệu thường gặp là da, vải và các vật liệu tổng hợp.\r\n\r\nGiày MLB có sẵn trong nhiều loại và mẫu mã khác nhau, từ giày đế cao đến giày đế thấp, từ giày chạy nhanh đến giày bắt bóng. Điều quan trọng là chọn đúng kích thước và kiểu giày phù hợp với nhu cầu và phong cách chơi của bạn.\r\n\r\nNếu bạn quan tâm đến việc mua giày MLB, tôi khuyến nghị bạn nên tìm hiểu thêm về từng dòng sản phẩm cụ thể từ các hãng giày thể thao uy tín hoặc tại các cửa hàng chuyên dụng.', b'0', 0, 0),
(16, 116, 'MLB Jordan', 1000000, 'mlb4.jpg', 37, 'Giày MLB là loại giày đặc biệt được thiết kế cho các vận động viên chơi bóng chày trong Major League Baseball (MLB). Các giày MLB thường được sản xuất bởi các hãng giày thể thao nổi tiếng như Nike, New Balance, Under Armour và Adidas.\r\n\r\nMột số đặc điểm chung của giày MLB bao gồm:\r\n\r\n1. Thiết kế chuyên dụng: Giày MLB được thiết kế đặc biệt để đáp ứng các yêu cầu và nhu cầu của cầu thủ bóng chày. Chúng có đế giày chắc chắn để tăng cường sự ổn định và hỗ trợ trong việc chạy, đá và bắt bóng.\r\n\r\n2. Chất liệu chất lượng cao: Giày MLB thường được làm từ các chất liệu chất lượng cao, bền và thoáng khí để đảm bảo sự thoải mái và độ bền trong suốt quá trình sử dụng. Chất liệu thường gặp là da, vải và các vật liệu tổng hợp.\r\n\r\nGiày MLB có sẵn trong nhiều loại và mẫu mã khác nhau, từ giày đế cao đến giày đế thấp, từ giày chạy nhanh đến giày bắt bóng. Điều quan trọng là chọn đúng kích thước và kiểu giày phù hợp với nhu cầu và phong cách chơi của bạn.\r\n\r\nNếu bạn quan tâm đến việc mua giày MLB, tôi khuyến nghị bạn nên tìm hiểu thêm về từng dòng sản phẩm cụ thể từ các hãng giày thể thao uy tín hoặc tại các cửa hàng chuyên dụng.', b'0', 0, 0),
(17, 113, 'Nike Samici', 1000000, 'nike4.jpg', 37, 'Nike là một thương hiệu nổi tiếng trong ngành công nghiệp giày dép thể thao. Họ sản xuất một loạt các kiểu giày phù hợp cho nhiều mục đích sử dụng, từ chạy bộ đến bóng rổ, đá bóng và nhiều hoạt động thể thao khác.\r\n\r\nCác giày Nike được thiết kế với sự chú trọng đến cảm giác thoải mái, hiệu suất và phong cách. Dưới đây là mô tả về một số dòng giày Nike phổ biến:\r\n\r\n\r\n\r\nNgoài ra, Nike cũng có nhiều dòng giày khác như Nike Roshe, Nike Cortez, Nike SB và nhiều dòng sản phẩm khác phục vụ nhu cầu và sở thích của người sử dụng.\r\n\r\nLưu ý rằng mô tả trên chỉ là một tổng quan và có thể khái quát. Để có thông tin chi tiết hơn về từng dòng giày Nike cụ thể, bạn có thể tìm hiểu trên trang web chính thức của Nike hoặc tại các cửa hàng thể thao uy tín.', b'0', 0, 0),
(18, 115, 'classic river', 1000000, 'classic1.jpg', 37, 'Giày classic là một thuật ngữ chung để chỉ các kiểu giày mang tính biểu tượng, thường được coi là thời trang cổ điển và không bao giờ lỗi thời. Những đặc điểm chung của giày classic bao gồm:\r\n\r\n1. Thiết kế đơn giản và thanh lịch: Giày classic thường có thiết kế đơn giản, không quá phức tạp, nhưng vẫn mang đến sự thanh lịch và tinh tế. Chúng thường có các đường chỉ may chắc chắn và đường viền tinh tế, tạo nên sự trang nhã và sang trọng.\r\n\r\n2. Màu sắc trung tính: Giày classic thường có các màu sắc trung tính như đen, nâu, trắng hoặc xám. Những màu sắc này dễ dàng phối hợp với nhiều trang phục khác nhau và phù hợp với nhiều dịp.\r\n\r\n3. Chất liệu chất lượng cao: Giày classic thường được làm từ các chất liệu chất lượng cao như da thật, nubuck, suede hoặc vải canvas. Chất liệu chọn lọc này giúp giày classic có độ bền cao và mang lại cảm giác thoải mái cho người mang.\r\n\r\nGiày classic là một lựa chọn tuyệt vời cho những người muốn có một đôi giày đẹp, trường tồn và phù hợp với nhiều trang phục. Bạn có thể tìm thấy giày classic ở các cửa hàng giày, cửa hàng thời trang hoặc trang web mua sắm trực tuyến.', b'0', 0, 0),
(19, 113, 'Nike Air 1', 1000000, 'nike1.jpg', 37, 'Nike là một thương hiệu nổi tiếng trong ngành công nghiệp giày dép thể thao. Họ sản xuất một loạt các kiểu giày phù hợp cho nhiều mục đích sử dụng, từ chạy bộ đến bóng rổ, đá bóng và nhiều hoạt động thể thao khác.\r\n\r\nCác giày Nike được thiết kế với sự chú trọng đến cảm giác thoải mái, hiệu suất và phong cách. Dưới đây là mô tả về một số dòng giày Nike phổ biến:\r\n\r\nNgoài ra, Nike cũng có nhiều dòng giày khác như Nike Roshe, Nike Cortez, Nike SB và nhiều dòng sản phẩm khác phục vụ nhu cầu và sở thích của người sử dụng.\r\n\r\nLưu ý rằng mô tả trên chỉ là một tổng quan và có thể khái quát. Để có thông tin chi tiết hơn về từng dòng giày Nike cụ thể, bạn có thể tìm hiểu trên trang web chính thức của Nike hoặc tại các cửa hàng thể thao uy tín.', b'0', 0, 0),
(20, 114, 'Convers 1970s', 1000000, 'convers1.jpg', 37, 'Giày Convers (hay còn được gọi là Converse Chuck Taylor All Star) là một dòng giày thể thao kinh điển và phổ biến của thương hiệu Converse. Được ra mắt vào những năm 1910, giày Convers đã trở thành biểu tượng của văn hóa thời trang và phong cách đường phố.\r\n\r\nDưới đây là mô tả về giày Convers:\r\n\r\n1. Thiết kế: Giày Convers có thiết kế đơn giản và ấn tượng với đế cao su màu trắng, một đặc điểm nổi bật của dòng sản phẩm này. Chúng có phần trên bằng vải hoặc da, với đường chỉ may chắc chắn và đường viền đặc trưng ở phía trên.\r\n\r\n2. Phong cách: Giày Convers mang đến một phong cách thời trang đơn giản, nhưng vẫn rất nổi bật và dễ phối đồ. Chúng thường được nhìn thấy trong các bộ trang phục casual và streetwear, và phù hợp cho cả nam và nữ.\r\n\r\nGiày Convers đã trở thành một biểu tượng thời trang và thể hiện phong cách cá nhân của người sử dụng. Chúng phù hợp với nhiều hoàn cảnh khác nhau, từ đi dạo phố đến tham gia các hoạt động thể thao nhẹ.\r\n\r\nNếu bạn quan tâm đến việc mua giày Convers, bạn có thể tìm thấy chúng ở nhiều cửa hàng giày và trang web bán hàng trực tuyến uy tín.', b'1', 0, 0),
(21, 115, 'Shoe clasic', 1000000, 'classic2.jpg', 37, 'Giày classic là một thuật ngữ chung để chỉ các kiểu giày mang tính biểu tượng, thường được coi là thời trang cổ điển và không bao giờ lỗi thời. Những đặc điểm chung của giày classic bao gồm:\r\n\r\n1. Thiết kế đơn giản và thanh lịch: Giày classic thường có thiết kế đơn giản, không quá phức tạp, nhưng vẫn mang đến sự thanh lịch và tinh tế. Chúng thường có các đường chỉ may chắc chắn và đường viền tinh tế, tạo nên sự trang nhã và sang trọng.\r\n\r\n2. Màu sắc trung tính: Giày classic thường có các màu sắc trung tính như đen, nâu, trắng hoặc xám. Những màu sắc này dễ dàng phối hợp với nhiều trang phục khác nhau và phù hợp với nhiều dịp.\r\n\r\n3. Chất liệu chất lượng cao: Giày classic thường được làm từ các chất liệu chất lượng cao như da thật, nubuck, suede hoặc vải canvas. Chất liệu chọn lọc này giúp giày classic có độ bền cao và mang lại cảm giác thoải mái cho người mang.\r\n\r\nGiày classic là một lựa chọn tuyệt vời cho những người muốn có một đôi giày đẹp, trường tồn và phù hợp với nhiều trang phục. Bạn có thể tìm thấy giày classic ở các cửa hàng giày, cửa hàng thời trang hoặc trang web mua sắm trực tuyến.', b'0', 0, 0),
(22, 116, 'MLB CiTy', 1000000, 'mlb1.jpg', 37, 'Giày MLB là loại giày đặc biệt được thiết kế cho các vận động viên chơi bóng chày trong Major League Baseball (MLB). Các giày MLB thường được sản xuất bởi các hãng giày thể thao nổi tiếng như Nike, New Balance, Under Armour và Adidas.\r\n\r\nMột số đặc điểm chung của giày MLB bao gồm:\r\n\r\n1. Thiết kế chuyên dụng: Giày MLB được thiết kế đặc biệt để đáp ứng các yêu cầu và nhu cầu của cầu thủ bóng chày. Chúng có đế giày chắc chắn để tăng cường sự ổn định và hỗ trợ trong việc chạy, đá và bắt bóng.\r\n\r\n2. Chất liệu chất lượng cao: Giày MLB thường được làm từ các chất liệu chất lượng cao, bền và thoáng khí để đảm bảo sự thoải mái và độ bền trong suốt quá trình sử dụng. Chất liệu thường gặp là da, vải và các vật liệu tổng hợp.\r\n\r\nGiày MLB có sẵn trong nhiều loại và mẫu mã khác nhau, từ giày đế cao đến giày đế thấp, từ giày chạy nhanh đến giày bắt bóng. Điều quan trọng là chọn đúng kích thước và kiểu giày phù hợp với nhu cầu và phong cách chơi của bạn.\r\n\r\nNếu bạn quan tâm đến việc mua giày MLB, tôi khuyến nghị bạn nên tìm hiểu thêm về từng dòng sản phẩm cụ thể từ các hãng giày thể thao uy tín hoặc tại các cửa hàng chuyên dụng.', b'0', 0, 0),
(23, 113, 'Nike Jordan', 1000000, 'nike2.jpg', 37, 'Nike là một thương hiệu nổi tiếng trong ngành công nghiệp giày dép thể thao. Họ sản xuất một loạt các kiểu giày phù hợp cho nhiều mục đích sử dụng, từ chạy bộ đến bóng rổ, đá bóng và nhiều hoạt động thể thao khác.\r\n\r\nCác giày Nike được thiết kế với sự chú trọng đến cảm giác thoải mái, hiệu suất và phong cách. Dưới đây là mô tả về một số dòng giày Nike phổ biến:\r\n\r\n\r\n\r\nNgoài ra, Nike cũng có nhiều dòng giày khác như Nike Roshe, Nike Cortez, Nike SB và nhiều dòng sản phẩm khác phục vụ nhu cầu và sở thích của người sử dụng.\r\n\r\nLưu ý rằng mô tả trên chỉ là một tổng quan và có thể khái quát. Để có thông tin chi tiết hơn về từng dòng giày Nike cụ thể, bạn có thể tìm hiểu trên trang web chính thức của Nike hoặc tại các cửa hàng thể thao uy tín.', b'0', 0, 0),
(24, 115, 'convers classic', 1000000, 'classic3.jpg', 37, 'Giày classic là một thuật ngữ chung để chỉ các kiểu giày mang tính biểu tượng, thường được coi là thời trang cổ điển và không bao giờ lỗi thời. Những đặc điểm chung của giày classic bao gồm:\r\n\r\n1. Thiết kế đơn giản và thanh lịch: Giày classic thường có thiết kế đơn giản, không quá phức tạp, nhưng vẫn mang đến sự thanh lịch và tinh tế. Chúng thường có các đường chỉ may chắc chắn và đường viền tinh tế, tạo nên sự trang nhã và sang trọng.\r\n\r\n2. Màu sắc trung tính: Giày classic thường có các màu sắc trung tính như đen, nâu, trắng hoặc xám. Những màu sắc này dễ dàng phối hợp với nhiều trang phục khác nhau và phù hợp với nhiều dịp.\r\n\r\n3. Chất liệu chất lượng cao: Giày classic thường được làm từ các chất liệu chất lượng cao như da thật, nubuck, suede hoặc vải canvas. Chất liệu chọn lọc này giúp giày classic có độ bền cao và mang lại cảm giác thoải mái cho người mang.\r\n\r\nGiày classic là một lựa chọn tuyệt vời cho những người muốn có một đôi giày đẹp, trường tồn và phù hợp với nhiều trang phục. Bạn có thể tìm thấy giày classic ở các cửa hàng giày, cửa hàng thời trang hoặc trang web mua sắm trực tuyến.', b'0', 0, 0),
(25, 116, 'MLB Lousvuiton', 1000000, 'mlb2.jpg', 37, 'Giày MLB là loại giày đặc biệt được thiết kế cho các vận động viên chơi bóng chày trong Major League Baseball (MLB). Các giày MLB thường được sản xuất bởi các hãng giày thể thao nổi tiếng như Nike, New Balance, Under Armour và Adidas.\r\n\r\nMột số đặc điểm chung của giày MLB bao gồm:\r\n\r\n1. Thiết kế chuyên dụng: Giày MLB được thiết kế đặc biệt để đáp ứng các yêu cầu và nhu cầu của cầu thủ bóng chày. Chúng có đế giày chắc chắn để tăng cường sự ổn định và hỗ trợ trong việc chạy, đá và bắt bóng.\r\n\r\n2. Chất liệu chất lượng cao: Giày MLB thường được làm từ các chất liệu chất lượng cao, bền và thoáng khí để đảm bảo sự thoải mái và độ bền trong suốt quá trình sử dụng. Chất liệu thường gặp là da, vải và các vật liệu tổng hợp.\r\n\r\nGiày MLB có sẵn trong nhiều loại và mẫu mã khác nhau, từ giày đế cao đến giày đế thấp, từ giày chạy nhanh đến giày bắt bóng. Điều quan trọng là chọn đúng kích thước và kiểu giày phù hợp với nhu cầu và phong cách chơi của bạn.\r\n\r\nNếu bạn quan tâm đến việc mua giày MLB, tôi khuyến nghị bạn nên tìm hiểu thêm về từng dòng sản phẩm cụ thể từ các hãng giày thể thao uy tín hoặc tại các cửa hàng chuyên dụng.', b'0', 0, 0),
(26, 113, 'Nike Jordan3', 1000000, 'nike3.jpg', 37, 'Nike là một thương hiệu nổi tiếng trong ngành công nghiệp giày dép thể thao. Họ sản xuất một loạt các kiểu giày phù hợp cho nhiều mục đích sử dụng, từ chạy bộ đến bóng rổ, đá bóng và nhiều hoạt động thể thao khác.\r\n\r\nCác giày Nike được thiết kế với sự chú trọng đến cảm giác thoải mái, hiệu suất và phong cách. Dưới đây là mô tả về một số dòng giày Nike phổ biến:\r\n\r\n\r\n\r\nNgoài ra, Nike cũng có nhiều dòng giày khác như Nike Roshe, Nike Cortez, Nike SB và nhiều dòng sản phẩm khác phục vụ nhu cầu và sở thích của người sử dụng.\r\n\r\nLưu ý rằng mô tả trên chỉ là một tổng quan và có thể khái quát. Để có thông tin chi tiết hơn về từng dòng giày Nike cụ thể, bạn có thể tìm hiểu trên trang web chính thức của Nike hoặc tại các cửa hàng thể thao uy tín.', b'0', 0, 0),
(27, 114, 'Convers criter', 1000000, 'convers2.jpg', 37, 'Giày Convers (hay còn được gọi là Converse Chuck Taylor All Star) là một dòng giày thể thao kinh điển và phổ biến của thương hiệu Converse. Được ra mắt vào những năm 1910, giày Convers đã trở thành biểu tượng của văn hóa thời trang và phong cách đường phố.\r\n\r\nDưới đây là mô tả về giày Convers:\r\n\r\n1. Thiết kế: Giày Convers có thiết kế đơn giản và ấn tượng với đế cao su màu trắng, một đặc điểm nổi bật của dòng sản phẩm này. Chúng có phần trên bằng vải hoặc da, với đường chỉ may chắc chắn và đường viền đặc trưng ở phía trên.\r\n\r\n2. Phong cách: Giày Convers mang đến một phong cách thời trang đơn giản, nhưng vẫn rất nổi bật và dễ phối đồ. Chúng thường được nhìn thấy trong các bộ trang phục casual và streetwear, và phù hợp cho cả nam và nữ.\r\n\r\nGiày Convers đã trở thành một biểu tượng thời trang và thể hiện phong cách cá nhân của người sử dụng. Chúng phù hợp với nhiều hoàn cảnh khác nhau, từ đi dạo phố đến tham gia các hoạt động thể thao nhẹ.\r\n\r\nNếu bạn quan tâm đến việc mua giày Convers, bạn có thể tìm thấy chúng ở nhiều cửa hàng giày và trang web bán hàng trực tuyến uy tín.', b'0', 0, 0),
(28, 114, 'Lucifer convers', 1000000, 'convers3.jpg', 37, 'Giày Convers (hay còn được gọi là Converse Chuck Taylor All Star) là một dòng giày thể thao kinh điển và phổ biến của thương hiệu Converse. Được ra mắt vào những năm 1910, giày Convers đã trở thành biểu tượng của văn hóa thời trang và phong cách đường phố.\r\n\r\nDưới đây là mô tả về giày Convers:\r\n\r\n1. Thiết kế: Giày Convers có thiết kế đơn giản và ấn tượng với đế cao su màu trắng, một đặc điểm nổi bật của dòng sản phẩm này. Chúng có phần trên bằng vải hoặc da, với đường chỉ may chắc chắn và đường viền đặc trưng ở phía trên.\r\n\r\n2. Phong cách: Giày Convers mang đến một phong cách thời trang đơn giản, nhưng vẫn rất nổi bật và dễ phối đồ. Chúng thường được nhìn thấy trong các bộ trang phục casual và streetwear, và phù hợp cho cả nam và nữ.\r\n\r\nGiày Convers đã trở thành một biểu tượng thời trang và thể hiện phong cách cá nhân của người sử dụng. Chúng phù hợp với nhiều hoàn cảnh khác nhau, từ đi dạo phố đến tham gia các hoạt động thể thao nhẹ.\r\n\r\nNếu bạn quan tâm đến việc mua giày Convers, bạn có thể tìm thấy chúng ở nhiều cửa hàng giày và trang web bán hàng trực tuyến uy tín.', b'0', 0, 0),
(29, 114, 'Convers 1999s', 1000000, 'convers4.jpg', 37, 'Giày Convers (hay còn được gọi là Converse Chuck Taylor All Star) là một dòng giày thể thao kinh điển và phổ biến của thương hiệu Converse. Được ra mắt vào những năm 1910, giày Convers đã trở thành biểu tượng của văn hóa thời trang và phong cách đường phố.\r\n\r\nDưới đây là mô tả về giày Convers:\r\n\r\n1. Thiết kế: Giày Convers có thiết kế đơn giản và ấn tượng với đế cao su màu trắng, một đặc điểm nổi bật của dòng sản phẩm này. Chúng có phần trên bằng vải hoặc da, với đường chỉ may chắc chắn và đường viền đặc trưng ở phía trên.\r\n\r\n2. Phong cách: Giày Convers mang đến một phong cách thời trang đơn giản, nhưng vẫn rất nổi bật và dễ phối đồ. Chúng thường được nhìn thấy trong các bộ trang phục casual và streetwear, và phù hợp cho cả nam và nữ.\r\n\r\nGiày Convers đã trở thành một biểu tượng thời trang và thể hiện phong cách cá nhân của người sử dụng. Chúng phù hợp với nhiều hoàn cảnh khác nhau, từ đi dạo phố đến tham gia các hoạt động thể thao nhẹ.\r\n\r\nNếu bạn quan tâm đến việc mua giày Convers, bạn có thể tìm thấy chúng ở nhiều cửa hàng giày và trang web bán hàng trực tuyến uy tín.', b'0', 0, 0),
(30, 116, 'MLB Cockier', 1000000, 'mlb3.jpg', 37, 'Giày MLB là loại giày đặc biệt được thiết kế cho các vận động viên chơi bóng chày trong Major League Baseball (MLB). Các giày MLB thường được sản xuất bởi các hãng giày thể thao nổi tiếng như Nike, New Balance, Under Armour và Adidas.\r\n\r\nMột số đặc điểm chung của giày MLB bao gồm:\r\n\r\n1. Thiết kế chuyên dụng: Giày MLB được thiết kế đặc biệt để đáp ứng các yêu cầu và nhu cầu của cầu thủ bóng chày. Chúng có đế giày chắc chắn để tăng cường sự ổn định và hỗ trợ trong việc chạy, đá và bắt bóng.\r\n\r\n2. Chất liệu chất lượng cao: Giày MLB thường được làm từ các chất liệu chất lượng cao, bền và thoáng khí để đảm bảo sự thoải mái và độ bền trong suốt quá trình sử dụng. Chất liệu thường gặp là da, vải và các vật liệu tổng hợp.\r\n\r\nGiày MLB có sẵn trong nhiều loại và mẫu mã khác nhau, từ giày đế cao đến giày đế thấp, từ giày chạy nhanh đến giày bắt bóng. Điều quan trọng là chọn đúng kích thước và kiểu giày phù hợp với nhu cầu và phong cách chơi của bạn.\r\n\r\nNếu bạn quan tâm đến việc mua giày MLB, tôi khuyến nghị bạn nên tìm hiểu thêm về từng dòng sản phẩm cụ thể từ các hãng giày thể thao uy tín hoặc tại các cửa hàng chuyên dụng.', b'0', 0, 0),
(31, 116, 'MLB Jordan', 1000000, 'mlb4.jpg', 37, 'Giày MLB là loại giày đặc biệt được thiết kế cho các vận động viên chơi bóng chày trong Major League Baseball (MLB). Các giày MLB thường được sản xuất bởi các hãng giày thể thao nổi tiếng như Nike, New Balance, Under Armour và Adidas.\r\n\r\nMột số đặc điểm chung của giày MLB bao gồm:\r\n\r\n1. Thiết kế chuyên dụng: Giày MLB được thiết kế đặc biệt để đáp ứng các yêu cầu và nhu cầu của cầu thủ bóng chày. Chúng có đế giày chắc chắn để tăng cường sự ổn định và hỗ trợ trong việc chạy, đá và bắt bóng.\r\n\r\n2. Chất liệu chất lượng cao: Giày MLB thường được làm từ các chất liệu chất lượng cao, bền và thoáng khí để đảm bảo sự thoải mái và độ bền trong suốt quá trình sử dụng. Chất liệu thường gặp là da, vải và các vật liệu tổng hợp.\r\n\r\nGiày MLB có sẵn trong nhiều loại và mẫu mã khác nhau, từ giày đế cao đến giày đế thấp, từ giày chạy nhanh đến giày bắt bóng. Điều quan trọng là chọn đúng kích thước và kiểu giày phù hợp với nhu cầu và phong cách chơi của bạn.\r\n\r\nNếu bạn quan tâm đến việc mua giày MLB, tôi khuyến nghị bạn nên tìm hiểu thêm về từng dòng sản phẩm cụ thể từ các hãng giày thể thao uy tín hoặc tại các cửa hàng chuyên dụng.', b'0', 0, 0),
(32, 113, 'Nike Samici', 1000000, 'nike4.jpg', 37, 'Nike là một thương hiệu nổi tiếng trong ngành công nghiệp giày dép thể thao. Họ sản xuất một loạt các kiểu giày phù hợp cho nhiều mục đích sử dụng, từ chạy bộ đến bóng rổ, đá bóng và nhiều hoạt động thể thao khác.\r\n\r\nCác giày Nike được thiết kế với sự chú trọng đến cảm giác thoải mái, hiệu suất và phong cách. Dưới đây là mô tả về một số dòng giày Nike phổ biến:\r\n\r\n\r\n\r\nNgoài ra, Nike cũng có nhiều dòng giày khác như Nike Roshe, Nike Cortez, Nike SB và nhiều dòng sản phẩm khác phục vụ nhu cầu và sở thích của người sử dụng.\r\n\r\nLưu ý rằng mô tả trên chỉ là một tổng quan và có thể khái quát. Để có thông tin chi tiết hơn về từng dòng giày Nike cụ thể, bạn có thể tìm hiểu trên trang web chính thức của Nike hoặc tại các cửa hàng thể thao uy tín.', b'0', 0, 0),
(33, 116, 'MLB Clasic 1909s', 1000000, 'mlb5.jpg', 37, 'Giày MLB là loại giày đặc biệt được thiết kế cho các vận động viên chơi bóng chày trong Major League Baseball (MLB). Các giày MLB thường được sản xuất bởi các hãng giày thể thao nổi tiếng như Nike, New Balance, Under Armour và Adidas.\r\n\r\nMột số đặc điểm chung của giày MLB bao gồm:\r\n\r\n1. Thiết kế chuyên dụng: Giày MLB được thiết kế đặc biệt để đáp ứng các yêu cầu và nhu cầu của cầu thủ bóng chày. Chúng có đế giày chắc chắn để tăng cường sự ổn định và hỗ trợ trong việc chạy, đá và bắt bóng.\r\n\r\n2. Chất liệu chất lượng cao: Giày MLB thường được làm từ các chất liệu chất lượng cao, bền và thoáng khí để đảm bảo sự thoải mái và độ bền trong suốt quá trình sử dụng. Chất liệu thường gặp là da, vải và các vật liệu tổng hợp.\r\n\r\nGiày MLB có sẵn trong nhiều loại và mẫu mã khác nhau, từ giày đế cao đến giày đế thấp, từ giày chạy nhanh đến giày bắt bóng. Điều quan trọng là chọn đúng kích thước và kiểu giày phù hợp với nhu cầu và phong cách chơi của bạn.\r\n\r\nNếu bạn quan tâm đến việc mua giày MLB, tôi khuyến nghị bạn nên tìm hiểu thêm về từng dòng sản phẩm cụ thể từ các hãng giày thể thao uy tín hoặc tại các cửa hàng chuyên dụng.', b'0', 0, 0),
(34, 114, 'Convers Alastic', 1000000, 'convers5.jpg', 37, 'Giày Convers (hay còn được gọi là Converse Chuck Taylor All Star) là một dòng giày thể thao kinh điển và phổ biến của thương hiệu Converse. Được ra mắt vào những năm 1910, giày Convers đã trở thành biểu tượng của văn hóa thời trang và phong cách đường phố.\r\n\r\nDưới đây là mô tả về giày Convers:\r\n\r\n1. Thiết kế: Giày Convers có thiết kế đơn giản và ấn tượng với đế cao su màu trắng, một đặc điểm nổi bật của dòng sản phẩm này. Chúng có phần trên bằng vải hoặc da, với đường chỉ may chắc chắn và đường viền đặc trưng ở phía trên.\r\n\r\n2. Phong cách: Giày Convers mang đến một phong cách thời trang đơn giản, nhưng vẫn rất nổi bật và dễ phối đồ. Chúng thường được nhìn thấy trong các bộ trang phục casual và streetwear, và phù hợp cho cả nam và nữ.\r\n\r\nGiày Convers đã trở thành một biểu tượng thời trang và thể hiện phong cách cá nhân của người sử dụng. Chúng phù hợp với nhiều hoàn cảnh khác nhau, từ đi dạo phố đến tham gia các hoạt động thể thao nhẹ.\r\n\r\nNếu bạn quan tâm đến việc mua giày Convers, bạn có thể tìm thấy chúng ở nhiều cửa hàng giày và trang web bán hàng trực tuyến uy tín.', b'0', 0, 0),
(35, 115, 'Jordan classic 5', 1000000, 'classic4.jpg', 37, 'Giày classic là một thuật ngữ chung để chỉ các kiểu giày mang tính biểu tượng, thường được coi là thời trang cổ điển và không bao giờ lỗi thời. Những đặc điểm chung của giày classic bao gồm:\r\n\r\n1. Thiết kế đơn giản và thanh lịch: Giày classic thường có thiết kế đơn giản, không quá phức tạp, nhưng vẫn mang đến sự thanh lịch và tinh tế. Chúng thường có các đường chỉ may chắc chắn và đường viền tinh tế, tạo nên sự trang nhã và sang trọng.\r\n\r\n2. Màu sắc trung tính: Giày classic thường có các màu sắc trung tính như đen, nâu, trắng hoặc xám. Những màu sắc này dễ dàng phối hợp với nhiều trang phục khác nhau và phù hợp với nhiều dịp.\r\n\r\n3. Chất liệu chất lượng cao: Giày classic thường được làm từ các chất liệu chất lượng cao như da thật, nubuck, suede hoặc vải canvas. Chất liệu chọn lọc này giúp giày classic có độ bền cao và mang lại cảm giác thoải mái cho người mang.\r\n\r\nGiày classic là một lựa chọn tuyệt vời cho những người muốn có một đôi giày đẹp, trường tồn và phù hợp với nhiều trang phục. Bạn có thể tìm thấy giày classic ở các cửa hàng giày, cửa hàng thời trang hoặc trang web mua sắm trực tuyến.', b'0', 0, 0),
(36, 114, 'Convers Louisvuiton', 1000000, 'convers6.jpg', 37, 'Giày Convers (hay còn được gọi là Converse Chuck Taylor All Star) là một dòng giày thể thao kinh điển và phổ biến của thương hiệu Converse. Được ra mắt vào những năm 1910, giày Convers đã trở thành biểu tượng của văn hóa thời trang và phong cách đường phố.\r\n\r\nDưới đây là mô tả về giày Convers:\r\n\r\n1. Thiết kế: Giày Convers có thiết kế đơn giản và ấn tượng với đế cao su màu trắng, một đặc điểm nổi bật của dòng sản phẩm này. Chúng có phần trên bằng vải hoặc da, với đường chỉ may chắc chắn và đường viền đặc trưng ở phía trên.\r\n\r\n2. Phong cách: Giày Convers mang đến một phong cách thời trang đơn giản, nhưng vẫn rất nổi bật và dễ phối đồ. Chúng thường được nhìn thấy trong các bộ trang phục casual và streetwear, và phù hợp cho cả nam và nữ.\r\n\r\nGiày Convers đã trở thành một biểu tượng thời trang và thể hiện phong cách cá nhân của người sử dụng. Chúng phù hợp với nhiều hoàn cảnh khác nhau, từ đi dạo phố đến tham gia các hoạt động thể thao nhẹ.\r\n\r\nNếu bạn quan tâm đến việc mua giày Convers, bạn có thể tìm thấy chúng ở nhiều cửa hàng giày và trang web bán hàng trực tuyến uy tín.', b'0', 0, 0),
(37, 113, 'Nike Louisvuiton', 1000000, 'nike5.jpg', 37, 'Nike là một thương hiệu nổi tiếng trong ngành công nghiệp giày dép thể thao. Họ sản xuất một loạt các kiểu giày phù hợp cho nhiều mục đích sử dụng, từ chạy bộ đến bóng rổ, đá bóng và nhiều hoạt động thể thao khác.\r\n\r\nCác giày Nike được thiết kế với sự chú trọng đến cảm giác thoải mái, hiệu suất và phong cách. Dưới đây là mô tả về một số dòng giày Nike phổ biến:\r\n\r\n\r\n\r\nNgoài ra, Nike cũng có nhiều dòng giày khác như Nike Roshe, Nike Cortez, Nike SB và nhiều dòng sản phẩm khác phục vụ nhu cầu và sở thích của người sử dụng.\r\n\r\nLưu ý rằng mô tả trên chỉ là một tổng quan và có thể khái quát. Để có thông tin chi tiết hơn về từng dòng giày Nike cụ thể, bạn có thể tìm hiểu trên trang web chính thức của Nike hoặc tại các cửa hàng thể thao uy tín.', b'0', 0, 0),
(38, 113, 'Nike Summer', 1000000, 'nike6.jpg', 37, 'Nike là một thương hiệu nổi tiếng trong ngành công nghiệp giày dép thể thao. Họ sản xuất một loạt các kiểu giày phù hợp cho nhiều mục đích sử dụng, từ chạy bộ đến bóng rổ, đá bóng và nhiều hoạt động thể thao khác.\r\n\r\nCác giày Nike được thiết kế với sự chú trọng đến cảm giác thoải mái, hiệu suất và phong cách. Dưới đây là mô tả về một số dòng giày Nike phổ biến:\r\n\r\n\r\n\r\nNgoài ra, Nike cũng có nhiều dòng giày khác như Nike Roshe, Nike Cortez, Nike SB và nhiều dòng sản phẩm khác phục vụ nhu cầu và sở thích của người sử dụng.\r\n\r\nLưu ý rằng mô tả trên chỉ là một tổng quan và có thể khái quát. Để có thông tin chi tiết hơn về từng dòng giày Nike cụ thể, bạn có thể tìm hiểu trên trang web chính thức của Nike hoặc tại các cửa hàng thể thao uy tín.', b'0', 0, 0),
(39, 115, 'Rider classic 3', 1000000, 'classic5.jpg', 37, 'Giày classic là một thuật ngữ chung để chỉ các kiểu giày mang tính biểu tượng, thường được coi là thời trang cổ điển và không bao giờ lỗi thời. Những đặc điểm chung của giày classic bao gồm:\r\n\r\n1. Thiết kế đơn giản và thanh lịch: Giày classic thường có thiết kế đơn giản, không quá phức tạp, nhưng vẫn mang đến sự thanh lịch và tinh tế. Chúng thường có các đường chỉ may chắc chắn và đường viền tinh tế, tạo nên sự trang nhã và sang trọng.\r\n\r\n2. Màu sắc trung tính: Giày classic thường có các màu sắc trung tính như đen, nâu, trắng hoặc xám. Những màu sắc này dễ dàng phối hợp với nhiều trang phục khác nhau và phù hợp với nhiều dịp.\r\n\r\n3. Chất liệu chất lượng cao: Giày classic thường được làm từ các chất liệu chất lượng cao như da thật, nubuck, suede hoặc vải canvas. Chất liệu chọn lọc này giúp giày classic có độ bền cao và mang lại cảm giác thoải mái cho người mang.\r\n\r\nGiày classic là một lựa chọn tuyệt vời cho những người muốn có một đôi giày đẹp, trường tồn và phù hợp với nhiều trang phục. Bạn có thể tìm thấy giày classic ở các cửa hàng giày, cửa hàng thời trang hoặc trang web mua sắm trực tuyến.', b'0', 0, 0),
(40, 115, 'Rumble classic 2', 1000000, 'classic6.jpg', 37, 'Giày classic là một thuật ngữ chung để chỉ các kiểu giày mang tính biểu tượng, thường được coi là thời trang cổ điển và không bao giờ lỗi thời. Những đặc điểm chung của giày classic bao gồm:\r\n\r\n1. Thiết kế đơn giản và thanh lịch: Giày classic thường có thiết kế đơn giản, không quá phức tạp, nhưng vẫn mang đến sự thanh lịch và tinh tế. Chúng thường có các đường chỉ may chắc chắn và đường viền tinh tế, tạo nên sự trang nhã và sang trọng.\r\n\r\n2. Màu sắc trung tính: Giày classic thường có các màu sắc trung tính như đen, nâu, trắng hoặc xám. Những màu sắc này dễ dàng phối hợp với nhiều trang phục khác nhau và phù hợp với nhiều dịp.\r\n\r\n3. Chất liệu chất lượng cao: Giày classic thường được làm từ các chất liệu chất lượng cao như da thật, nubuck, suede hoặc vải canvas. Chất liệu chọn lọc này giúp giày classic có độ bền cao và mang lại cảm giác thoải mái cho người mang.\r\n\r\nGiày classic là một lựa chọn tuyệt vời cho những người muốn có một đôi giày đẹp, trường tồn và phù hợp với nhiều trang phục. Bạn có thể tìm thấy giày classic ở các cửa hàng giày, cửa hàng thời trang hoặc trang web mua sắm trực tuyến.', b'0', 0, 0);

-- --------------------------------------------------------

--
-- Cấu trúc bảng cho bảng `user`
--

CREATE TABLE `user` (
  `matk` int NOT NULL,
  `usrname` varchar(100) CHARACTER SET utf8mb4 COLLATE utf8mb4_general_ci NOT NULL,
  `name` varchar(255) CHARACTER SET utf8mb4 COLLATE utf8mb4_general_ci NOT NULL,
  `pass` varchar(100) CHARACTER SET utf8mb4 COLLATE utf8mb4_general_ci NOT NULL,
  `email` varchar(255) CHARACTER SET utf8mb4 COLLATE utf8mb4_general_ci NOT NULL,
  `img` varchar(100) CHARACTER SET utf8mb4 COLLATE utf8mb4_general_ci NOT NULL
) ENGINE=InnoDB DEFAULT CHARSET=utf8mb4 COLLATE=utf8mb4_general_ci;

--
-- Đang đổ dữ liệu cho bảng `user`
--

INSERT INTO `user` (`matk`, `usrname`, `name`, `pass`, `email`, `img`) VALUES
(1234, 'vy123', 'Trần Thế Vỹ', '104', 'vyhotran5@gmail.com', '1'),
(1235, 'ly123', 'Trần Thị Mai Lý', '104', 'lyhotran5@gmail.com', '2'),
(1236, 'nghia123', 'Nguyễn Gia Nghĩa', '104', 'nghiahonguyen5@gmail.com', '3');

--
-- Chỉ mục cho các bảng đã đổ
--

--
-- Chỉ mục cho bảng `binhluan`
--
ALTER TABLE `binhluan`
  ADD PRIMARY KEY (`mabl`),
  ADD KEY `matk` (`matk`),
  ADD KEY `masp` (`masp`);

--
-- Chỉ mục cho bảng `donhang`
--
ALTER TABLE `donhang`
  ADD PRIMARY KEY (`madh`),
  ADD KEY `masp` (`masp`),
  ADD KEY `matk` (`matk`);

--
-- Chỉ mục cho bảng `loai`
--
ALTER TABLE `loai`
  ADD PRIMARY KEY (`maloai`);

--
-- Chỉ mục cho bảng `product`
--
ALTER TABLE `product`
  ADD PRIMARY KEY (`masp`),
  ADD KEY `maloai` (`maloai`);

--
-- AUTO_INCREMENT cho các bảng đã đổ
--

--
-- AUTO_INCREMENT cho bảng `loai`
--
ALTER TABLE `loai`
  MODIFY `maloai` int NOT NULL AUTO_INCREMENT;

--
-- AUTO_INCREMENT cho bảng `product`
--
ALTER TABLE `product`
  MODIFY `masp` int NOT NULL AUTO_INCREMENT, AUTO_INCREMENT=41;

--
-- Các ràng buộc cho các bảng đã đổ
--

--
-- Các ràng buộc cho bảng `product`
--
ALTER TABLE `product`
  ADD CONSTRAINT `product_ibfk_1` FOREIGN KEY (`maloai`) REFERENCES `loai` (`maloai`) ON DELETE RESTRICT ON UPDATE RESTRICT;
COMMIT;

/*!40101 SET CHARACTER_SET_CLIENT=@OLD_CHARACTER_SET_CLIENT */;
/*!40101 SET CHARACTER_SET_RESULTS=@OLD_CHARACTER_SET_RESULTS */;
/*!40101 SET COLLATION_CONNECTION=@OLD_COLLATION_CONNECTION */;
